TBE,TBR_req,I_startup [kg]
0.04,1.085,0.73154094244716
0.05,1.085,0.595513003167247
