TBE,TBR_req,I_startup [kg]
1,1.035,0.329027545578974
2,1.025,0.330692782267207
5,1.015,0.332721895623043
