f_dir,TBR_req,I_startup [kg]
0.1,1.15,2.97160738271631
0.2,1.145,2.86933795723032
0.3,1.135,2.76751298796819
0.4,1.13,2.66525350549788
0.5,1.13,2.5625437131052
0.6,1.13,2.45983738851379
0.7,1.13,2.35713449080653
0.8,1.13,2.2544353640699
0.9,1.13,2.15173967412343
