f_p_trap,TBR_req,I_startup [kg]
0.0001,1.215,2.86507995812969
0.001,1.215,2.87007651160216
0.01,1.215,2.92005807626071
0.1,1.25,3.40665311692912
