f_p_trap,TBR_req,I_startup [kg]
0.0001,1.215,2.865079958
0.001,1.25,3.22
0.01,1.215,2.920058076
0.1,1.25,3.406653117