f_p_trap,TBR_req,I_startup [kg]
0.0001,1.08,0.861775169717547
0.001,1.08,0.86279480274927
0.01,1.08,0.872985308774573
0.1,1.085,0.947206790911201
