f_p_trap,TBR_req,I_startup [kg]
0.0001,1.16,1.49128466803854
0.001,1.16,1.49379452202296
0.01,1.16,1.51886835269951
0.1,1.165,1.7627541636248
