f_p_trap,TBR_req,I_startup [kg]
0.0001,1.055,1.027855913
0.001,1.07,1.02812203