f_p_trap,TBR_req,I_startup [kg]
0.0001,1.16,1.80119954174139
0.001,1.16,1.83689585481965
