AF,TBR_req,I_startup [kg]
50,1.305,5.040915364
60,1.28,5.261210148
70,1.26,5.478894287
80,1.245,5.693967141
90,1.235,5.906377812
99.9,1.225,6.114455264
