AF,TBR_req,I_startup [kg]
50,1.04,0.544541463
60,1.04,0.572718115
70,1.035,0.601395791
80,1.035,0.629131985
90,1.035,0.656609494
99.9,1.03,0.684761454
