f_p,TBR_req,I_startup [kg]
0.0001,1.26,5.63386411536424
0.001,1.26,5.64233838735679
0.01,1.265,5.73240288324142
0.1,1.32,6.69661580949212
