f_p,TBR_req,I_startup [kg]
0.0001,1.035,0.618557379185052
0.001,1.035,0.61953072186447
0.01,1.035,0.629285049025407
0.1,1.04,0.726671280988452
