f_p,TBR_req,I_startup [kg]
0.0001,1.075,1.45285777538159
0.001,1.075,1.45521961154784
0.01,1.075,1.47907355258008
0.1,1.09,1.72093620232768
