f_p,TBR_req,I_startup [kg]
0.0001,1.135,2.84582742868782
0.001,1.135,2.8503714074896
0.01,1.14,2.89642127595085
0.1,1.165,3.37984253042033
