AF,TBR_req,I_startup [kg]
50,1.085,1.29284139
60,1.08,1.353082514
70,1.075,1.412800764
80,1.07,1.472040984
90,1.065,1.530842689
99.9,1.065,1.587733139
