AF,TBR_req,I_startup [kg]
50,1.16,2.541407043
60,1.145,2.655167175
70,1.135,2.767512988
80,1.13,2.878291799
90,1.13,2.987337343
99.9,1.13,3.094073624
