epsi,TBR_req,I_startup [kg]
1.00E-02,2.36,1.54
0.001,1.19,1.410104217
0.0005,1.125,1.407407844
0.0001,1.075,1.405016029
1.00E-05,1.06,1.404927251
1.00E-06,1.06,1.404737727
1.00E-07,1.06,1.404718835
